BLOCK,WORD
1,ephinoric.wav
1,widdestifer.wav
1,waydish.wav
1,yestrad.wav
1,faskimaybenoppotrin.wav
1,clerovaydestonkomy.wav
2,istrum.wav
2,hestomeekill.wav
2,kaddenistronomacy.wav
2,heelon.wav
2,ginstabular.wav
2,spentonymidderoxing.wav
2,pundak.wav
2,rusveedinost.wav
2,elfandrigompredoonis.wav
2,eblish.wav
2,differaymus.wav
2,fommigravelontipan.wav
2,breeker.wav
2,amberillock.wav
2,hundinoterality.wav
2,flacktron.wav
2,fiscolumbate.wav
2,brodastopermaninkle.wav
3,jossfeg.wav
3,juntiformal.wav
3,vancidoscoreegamish.wav
3,chentok.wav
3,brogeenivent.wav
3,quintegridoppomakel.wav
3,roefell.wav
3,shibbatory.wav
3,nabbivulackrifeemal.wav
3,santing.wav
3,trempajidal.wav
3,oprackenistalomine.wav
3,kentraid.wav
3,jellantifer.wav
3,gistorackidopulin.wav
3,jombinn.wav
3,inkristaven.wav
3,jedabuloskeramic.wav
4,urvit.wav
4,vampontigree.wav
4,trovejinapporistic.wav
4,glincher.wav
4,frovilankus.wav
4,sacronimbenalopy.wav
4,aftyss.wav
4,ardentiffle.wav
4,infraskovijideenit.wav
4,taffer.wav
4,vitteraship.wav
4,postabulistication.wav
4,dinsteg.wav
4,constrapiteek.wav
4,dustimonegrivanter.wav
4,leemish.wav
4,numenaydis.wav
4,umplickerannitizer.wav
5,vingle.wav
5,yitterfeegin.wav
5,draybishocksinallobit.wav
5,rimbist.wav
5,spikanthodill.wav
5,meskolonaymendalic.wav
5,mullset.wav
5,occlistimate.wav
5,loftrajenimplicobus.wav
5,farnid.wav
5,ensidorite.wav
5,jetropindemality.wav
5,listeek.wav
5,nestivaken.wav
5,chentillodeecretaven.wav
5,niffer.wav
5,pristonkopy.wav
5,wiscalberijoniper.wav
6,onklid.wav
6,quaggisindom.wav
6,roskorilleevangistine.wav
6,zabble.wav
6,zitricaymus.wav
6,klistodentriposkular.wav
6,pombrill.wav
6,quinorampus.wav
6,mulchectrifangenited.wav
6,stupwig.wav
6,uftillamus.wav
6,zoobenifferaltopine.wav
6,drashing.wav
6,kaftogropy.wav
6,bentisippelanjevill.wav
6,kimpree.wav
6,lyporamic.wav
6,askenidobiskulate.wav
